[
  {
    "pk": 1, 
    "model": "realty.rent", 
    "fields": {
      "available_from": "2009-12-17", 
      "asking_price": "1800.00", 
      "available_to": null, 
      "property": 1, 
      "type": 6, 
      "negotiable": 0
    }
  }, 
  {
    "pk": 2, 
    "model": "realty.rent", 
    "fields": {
      "available_from": "2009-12-17", 
      "asking_price": "4000.00", 
      "available_to": null, 
      "property": 2, 
      "type": 4, 
      "negotiable": 1
    }
  }, 
  {
    "pk": 3, 
    "model": "realty.rent", 
    "fields": {
      "available_from": "2009-12-17", 
      "asking_price": "1200.00", 
      "available_to": null, 
      "property": 3, 
      "type": 2, 
      "negotiable": 0
    }
  }, 
  {
    "pk": 4, 
    "model": "realty.rent", 
    "fields": {
      "available_from": "2009-12-17", 
      "asking_price": "2100.00", 
      "available_to": null, 
      "property": 4, 
      "type": 6, 
      "negotiable": 0
    }
  }, 
  {
    "pk": 5, 
    "model": "realty.rent", 
    "fields": {
      "available_from": "2009-12-17", 
      "asking_price": "8300.00", 
      "available_to": null, 
      "property": 5, 
      "type": 6, 
      "negotiable": 0
    }
  }, 
  {
    "pk": 1, 
    "model": "realty.location", 
    "fields": {
      "city": 1, 
      "neighborhood": 4, 
      "zip": "91999", 
      "floor": 2, 
      "street_en": "20 Pinchas Kehati", 
      "region": 1, 
      "street_he": "\u05e4\u05e0\u05d7\u05e1 \u05e7\u05d4\u05d8\u05d9 #20", 
      "apartment_number": "6", 
      "property": 1
    }
  }, 
  {
    "pk": 2, 
    "model": "realty.location", 
    "fields": {
      "city": 1, 
      "neighborhood": 3, 
      "zip": "12932", 
      "floor": 0, 
      "street_en": "L_ST_2_EN", 
      "region": 1, 
      "street_he": "L_ST_2_HE", 
      "apartment_number": "", 
      "property": 2
    }
  }, 
  {
    "pk": 3, 
    "model": "realty.location", 
    "fields": {
      "city": 1, 
      "neighborhood": 3, 
      "zip": "98765", 
      "floor": 3, 
      "street_en": "L_ST_3_EN", 
      "region": 1, 
      "street_he": "\u05e8\u05d7\u05d5\u05d1\u2013\u05de\u05e7\u05d5\u05dd\u20143", 
      "apartment_number": "6\u05d0", 
      "property": 3
    }
  }, 
  {
    "pk": 4, 
    "model": "realty.location", 
    "fields": {
      "city": 1, 
      "neighborhood": 2, 
      "zip": "73432", 
      "floor": 0, 
      "street_en": "L_ST_4_EN", 
      "region": 1, 
      "street_he": "\u05e8\u05d7\u05d5\u05d1\u2013\u05de\u05e7\u05d5\u05dd\u20144", 
      "apartment_number": "", 
      "property": 4
    }
  }, 
  {
    "pk": 5, 
    "model": "realty.location", 
    "fields": {
      "city": 1, 
      "neighborhood": 4, 
      "zip": "23433", 
      "floor": 0, 
      "street_en": "L_ST_5_EN", 
      "region": 1, 
      "street_he": "\u05e8\u05d7\u05d5\u05d1\u2013\u05de\u05e7\u05d5\u05dd\u20145", 
      "apartment_number": "", 
      "property": 5
    }
  }, 
  {
    "pk": 1, 
    "model": "realty.amenities", 
    "fields": {
      "has_elevator_shabbat": 1, 
      "number_of_balconies": 1, 
      "bathrooms": 2, 
      "garden": "N", 
      "elevators": 2, 
      "number_of_floors": 1, 
      "bedrooms": 2, 
      "floor_length": "100.00", 
      "heating": "P", 
      "furnishing": "N", 
      "conditioning": "N", 
      "parking": "G", 
      "floor_width": "100.00", 
      "property": 1, 
      "balcony": "S"
    }
  }, 
  {
    "pk": 2, 
    "model": "realty.amenities", 
    "fields": {
      "has_elevator_shabbat": 0, 
      "number_of_balconies": 1, 
      "bathrooms": 3, 
      "garden": "B", 
      "elevators": 0, 
      "number_of_floors": 2, 
      "bedrooms": 4, 
      "floor_length": "20.00", 
      "heating": "C", 
      "furnishing": "P", 
      "conditioning": "C", 
      "parking": "P", 
      "floor_width": "125.00", 
      "property": 2, 
      "balcony": "L"
    }
  }, 
  {
    "pk": 3, 
    "model": "realty.amenities", 
    "fields": {
      "has_elevator_shabbat": 1, 
      "number_of_balconies": 1, 
      "bathrooms": 1, 
      "garden": "N", 
      "elevators": 3, 
      "number_of_floors": 1, 
      "bedrooms": 1, 
      "floor_length": "20.00", 
      "heating": "N", 
      "furnishing": "N", 
      "conditioning": "N", 
      "parking": "N", 
      "floor_width": "40.00", 
      "property": 3, 
      "balcony": "S"
    }
  }, 
  {
    "pk": 4, 
    "model": "realty.amenities", 
    "fields": {
      "has_elevator_shabbat": 0, 
      "number_of_balconies": 0, 
      "bathrooms": 4, 
      "garden": "B", 
      "elevators": 0, 
      "number_of_floors": 1, 
      "bedrooms": 3, 
      "floor_length": "80.00", 
      "heating": "N", 
      "furnishing": "F", 
      "conditioning": "N", 
      "parking": "N", 
      "floor_width": "100.00", 
      "property": 4, 
      "balcony": "N"
    }
  }, 
  {
    "pk": 5, 
    "model": "realty.amenities", 
    "fields": {
      "has_elevator_shabbat": 0, 
      "number_of_balconies": 2, 
      "bathrooms": 3, 
      "garden": "B", 
      "elevators": 0, 
      "number_of_floors": 2, 
      "bedrooms": 5, 
      "floor_length": "100.00", 
      "heating": "P", 
      "furnishing": "N", 
      "conditioning": "P", 
      "parking": "P", 
      "floor_width": "200.00", 
      "property": 5, 
      "balcony": "M"
    }
  }, 
  {
    "pk": 1, 
    "model": "realty.titledesc_property", 
    "fields": {
      "desc": "Pellentesque habitant morbi tristique senectus et netus et malesuada fames ac turpis egestas. Vestibulum tortor quam, feugiat vitae, ultricies eget, tempor sit amet, ante. Donec eu libero sit amet quam egestas semper. Aenean ultricies mi vitae est. Mauris placerat eleifend leo. ", 
      "language_choice": 1, 
      "primary": 1, 
      "title": "Lorem Ipsum"
    }
  }, 
  {
    "pk": 2, 
    "model": "realty.titledesc_property", 
    "fields": {
      "desc": "Quisque sit amet est et sapien ullamcorper pharetra. Vestibulum erat wisi, condimentum sed, commodo vitae, ornare sit amet, wisi. Aenean fermentum, elit eget tincidunt condimentum, eros ipsum rutrum orci, sagittis tempus lacus enim ac dui. Donec non enim in turpis pulvinar facilisis. Ut felis.", 
      "language_choice": 2, 
      "primary": 1, 
      "title": "Lorem Frenchum"
    }
  }, 
  {
    "pk": 3, 
    "model": "realty.titledesc_property", 
    "fields": {
      "desc": "\u05d9\u05e9 \u05d4\u05e8\u05d1\u05d4 \u05dc\u05d5\u05e8\u05dd \u05e4\u05d4, \u05d0\u05e0\u05d9 \u05dc\u05d0 \u05d9\u05db\u05d5\u05dc \u05d9\u05d5\u05ea\u05e8!! \u05d0\u05d0\u05d0\u05d0\u05d0\u05d4\u05d4\u05d4\u05d4\u05d4!  \u05d5\u05d9 \u05d5\u05d9 \u05d5\u05d9! \u05de\u05d4 \u05d0\u05e4\u05e9\u05e8 \u05dc\u05e2\u05e9\u05d5\u05ea? \u05ea\u05e2\u05d6\u05d5\u05e8 \u05dc\u05d9 \u05d7\u05d1\u05d9\u05d1\u05d9, \u05db\u05d9 \u05d0\u05d9\u05df \u05e1\u05d5\u05e4 \u05dc\u05d4\u05dc\u05d5\u05e8\u05dd.  \u05d9\u05e9 \u05dc\u05d5\u05e8\u05dd \u05d1\u05d8\u05dc\u05d5\u05d9\u05d6\u05d9\u05d4, \u05d9\u05e9 \u05dc\u05d5\u05e8\u05dd \u05d1\u05d1\u05e7\u05d1\u05d5\u05e7, \u05d9\u05e9 \u05dc\u05d5\u05e8\u05dd \u05e2\u05dc \u05e9\u05d9\u05de\u05d5\u05df \u05e4\u05e8\u05e1", 
      "language_choice": 3, 
      "primary": 1, 
      "title": "\u05dc\u05d5\u05e8\u05dd \u05e2\u05e4\u05e1\u05d5\u05dd"
    }
  }, 
  {
    "pk": 4, 
    "model": "realty.titledesc_property", 
    "fields": {
      "desc": "P_DESC_2_EN -- Vestibulum nunc. Suspendisse dignissim adipiscing libero. Integer leo. Sed pharetra ligula a dui. Quisque ipsum nibh, ullamcorper eget, pulvinar sed, posuere vitae, nulla. Sed varius nibh ut lacus. Curabitur fringilla. ", 
      "language_choice": 1, 
      "primary": 2, 
      "title": "P_TITLE_2_EN"
    }
  }, 
  {
    "pk": 5, 
    "model": "realty.titledesc_property", 
    "fields": {
      "desc": "P_DESC_2_HE --  Donec placerat. Nullam nibh dolor, blandit sed, fermentum id, imperdiet sit amet, neque. Nam mollis ultrices justo. Sed tempor. Sed vitae tellus. Etiam sem arcu, eleifend sit amet, gravida eget, porta at, wisi. Nam non lacus vitae ipsum viverra pretium. Phasellus massa.", 
      "language_choice": 3, 
      "primary": 2, 
      "title": "P_TITLE_2_HE"
    }
  }, 
  {
    "pk": 6, 
    "model": "realty.titledesc_property", 
    "fields": {
      "desc": "P_DESC_2_FR --  Nunc est ipsum, pretium quis, dapibus sed, varius non, lectus. Proin a quam. Praesent lacinia, eros quis aliquam porttitor, urna lacus volutpat urna, ut fermentum neque mi egestas dolor.", 
      "language_choice": 2, 
      "primary": 2, 
      "title": "P_TITLE_2_FR"
    }
  }, 
  {
    "pk": 7, 
    "model": "realty.titledesc_property", 
    "fields": {
      "desc": "P_DESC_3_EN Aliquam aliquet, est a ullamcorper condimentum, tellus nulla fringilla elit, a iaculis nulla turpis sed wisi. Fusce volutpat. Etiam sodales ante id nunc. Proin ornare dignissim lacus. Nunc porttitor nunc a sem. ", 
      "language_choice": 1, 
      "primary": 3, 
      "title": "P_TITLE_3_EN"
    }
  }, 
  {
    "pk": 8, 
    "model": "realty.titledesc_property", 
    "fields": {
      "desc": "P_DESC_3_FR Aliquam aliquet, est a ullamcorper condimentum, tellus nulla fringilla elit, a iaculis nulla turpis sed wisi. Fusce volutpat. Etiam sodales ante id nunc. Proin ornare dignissim lacus. Nunc porttitor nunc a sem. ", 
      "language_choice": 2, 
      "primary": 3, 
      "title": "P_TITLE_3_FR"
    }
  }, 
  {
    "pk": 9, 
    "model": "realty.titledesc_property", 
    "fields": {
      "desc": "P_DESC_3_HE Aliquam aliquet, est a ullamcorper condimentum, tellus nulla fringilla elit, a iaculis nulla turpis sed wisi. Fusce volutpat. Etiam sodales ante id nunc. Proin ornare dignissim lacus. Nunc porttitor nunc a sem. ", 
      "language_choice": 3, 
      "primary": 3, 
      "title": "P_TITLE_3_HE"
    }
  }, 
  {
    "pk": 10, 
    "model": "realty.titledesc_property", 
    "fields": {
      "desc": "P_DESC_4_EN Donec gravida posuere arcu. Nulla facilisi. Phasellus imperdiet. Vestibulum at metus", 
      "language_choice": 1, 
      "primary": 4, 
      "title": "P_TITLE_4_EN"
    }
  }, 
  {
    "pk": 11, 
    "model": "realty.titledesc_property", 
    "fields": {
      "desc": "P_DESC_4_FR Donec gravida posuere arcu. Nulla facilisi. Phasellus imperdiet. Vestibulum at metus", 
      "language_choice": 2, 
      "primary": 4, 
      "title": "P_TITLE_4_FR"
    }
  }, 
  {
    "pk": 12, 
    "model": "realty.titledesc_property", 
    "fields": {
      "desc": "P_DESC_4_HE Donec gravida posuere arcu. Nulla facilisi. Phasellus imperdiet. Vestibulum at metus", 
      "language_choice": 3, 
      "primary": 4, 
      "title": "P_TITLE_4_HE"
    }
  }, 
  {
    "pk": 13, 
    "model": "realty.titledesc_property", 
    "fields": {
      "desc": "P_DESC_5_EN Vestibulum nec ligula et lorem consequat ullamcorper. Class aptent taciti sociosqu ad litora torquent per conubia nostra, per inceptos hymenaeos. Phasellus eget nisl ut elit porta ullamcorper. Maecenas tincidunt velit quis orci. Sed in dui. Nullam ut mauris eu mi mollis luctus.", 
      "language_choice": 1, 
      "primary": 5, 
      "title": "P_TITLE_5_EN"
    }
  }, 
  {
    "pk": 14, 
    "model": "realty.titledesc_property", 
    "fields": {
      "desc": "P_DESC_5_FR Vestibulum nec ligula et lorem consequat ullamcorper. Class aptent taciti sociosqu ad litora torquent per conubia nostra, per inceptos hymenaeos. Phasellus eget nisl ut elit porta ullamcorper. Maecenas tincidunt velit quis orci. Sed in dui. Nullam ut mauris eu mi mollis luctus.", 
      "language_choice": 2, 
      "primary": 5, 
      "title": "P_TITLE_5_FR"
    }
  }, 
  {
    "pk": 15, 
    "model": "realty.titledesc_property", 
    "fields": {
      "desc": "P_DESC_5_HE Vestibulum nec ligula et lorem consequat ullamcorper. Class aptent taciti sociosqu ad litora torquent per conubia nostra, per inceptos hymenaeos. Phasellus eget nisl ut elit porta ullamcorper. Maecenas tincidunt velit quis orci. Sed in dui. Nullam ut mauris eu mi mollis luctus.", 
      "language_choice": 3, 
      "primary": 5, 
      "title": "P_TITLE_5_HE"
    }
  }, 
  {
    "pk": 1, 
    "model": "realty.property", 
    "fields": {
      "map": "", 
      "is_featured": 1, 
      "name": "PROPERTY_1", 
      "floorplan": "", 
      "is_rent": 1, 
      "is_active": 1, 
      "is_available": 1, 
      "type": 3, 
      "is_sale": 0
    }
  }, 
  {
    "pk": 2, 
    "model": "realty.property", 
    "fields": {
      "map": "", 
      "is_featured": 0, 
      "name": "PROPERTY_2", 
      "floorplan": "", 
      "is_rent": 1, 
      "is_active": 1, 
      "is_available": 1, 
      "type": 6, 
      "is_sale": 0
    }
  }, 
  {
    "pk": 3, 
    "model": "realty.property", 
    "fields": {
      "map": "", 
      "is_featured": 1, 
      "name": "PROPERTY_3", 
      "floorplan": "", 
      "is_rent": 1, 
      "is_active": 1, 
      "is_available": 1, 
      "type": 6, 
      "is_sale": 0
    }
  }, 
  {
    "pk": 4, 
    "model": "realty.property", 
    "fields": {
      "map": "", 
      "is_featured": 1, 
      "name": "PROPERTY_4", 
      "floorplan": "", 
      "is_rent": 1, 
      "is_active": 1, 
      "is_available": 1, 
      "type": 4, 
      "is_sale": 0
    }
  }, 
  {
    "pk": 5, 
    "model": "realty.property", 
    "fields": {
      "map": "", 
      "is_featured": 1, 
      "name": "PROPERTY_5", 
      "floorplan": "", 
      "is_rent": 1, 
      "is_active": 1, 
      "is_available": 1, 
      "type": 2, 
      "is_sale": 0
    }
  }, 
  {
    "pk": 1, 
    "model": "realty.titledesc_images", 
    "fields": {
      "desc": "IM_DESC_1_2_EN", 
      "language_choice": 1, 
      "primary": 2, 
      "title": "IM_TITLE_1_2_EN"
    }
  }, 
  {
    "pk": 2, 
    "model": "realty.titledesc_images", 
    "fields": {
      "desc": "IM_DESC_1_2_HE", 
      "language_choice": 3, 
      "primary": 2, 
      "title": "IM_TITLE_1_2_HE"
    }
  }, 
  {
    "pk": 3, 
    "model": "realty.titledesc_images", 
    "fields": {
      "desc": "IM_DESC_1_1_EN", 
      "language_choice": 1, 
      "primary": 1, 
      "title": "IM_TITLE_1_1_EN"
    }
  }, 
  {
    "pk": 4, 
    "model": "realty.titledesc_images", 
    "fields": {
      "desc": "IM_DESC_1_1_HE", 
      "language_choice": 3, 
      "primary": 1, 
      "title": "IM_TITLE_1_1_HE"
    }
  }, 
  {
    "pk": 5, 
    "model": "realty.titledesc_images", 
    "fields": {
      "desc": "IM_DESC_1_3_EN", 
      "language_choice": 1, 
      "primary": 3, 
      "title": "IM_TITLE_1_3_EN"
    }
  }, 
  {
    "pk": 6, 
    "model": "realty.titledesc_images", 
    "fields": {
      "desc": "IM_DESC_1_3_HE", 
      "language_choice": 3, 
      "primary": 3, 
      "title": "IM_TITLE_1_3_HE"
    }
  }, 
  {
    "pk": 7, 
    "model": "realty.titledesc_images", 
    "fields": {
      "desc": "IM_DESC_1_4_EN -- Cras dictum. Maecenas ut turpis. In vitae erat ac orci dignissim eleifend. Nunc quis justo. Sed vel ipsum in purus tincidunt pharetra. Sed pulvinar, felis id consectetuer malesuada, enim nisl mattis elit, a facilisis tortor nibh quis leo. Sed augue lacus, pretium vitae, molestie eget, rhoncus quis, elit. Donec in augue. Fusce orci wisi, ornare id, mollis vel, lacinia vel, massa. Pellentesque habitant morbi tristique senectus et netus et malesuada fames ac turpis egestas.", 
      "language_choice": 1, 
      "primary": 4, 
      "title": "IM_TITLE_1_4_EN"
    }
  }, 
  {
    "pk": 8, 
    "model": "realty.titledesc_images", 
    "fields": {
      "desc": "IM_DESC_1_4_HE", 
      "language_choice": 3, 
      "primary": 4, 
      "title": "IM_TITLE_1_4_HE"
    }
  }, 
  {
    "pk": 9, 
    "model": "realty.titledesc_images", 
    "fields": {
      "desc": "IM_DESC_2_1_EN - Aliquam et nisl vel ligula consectetuer suscipit. Morbi euismod enim eget neque. Donec sagittis massa. Vestibulum quis augue sit amet ipsum laoreet pretium. Nulla facilisi. Duis tincidunt, felis et luctus placerat, ipsum libero vestibulum sem, vitae elementum wisi ipsum a metus. Nulla a enim sed dui hendrerit lobortis. Donec lacinia vulputate magna. Vivamus suscipit lectus at quam.", 
      "language_choice": 1, 
      "primary": 5, 
      "title": "IM_TITLE_2_1_EN"
    }
  }, 
  {
    "pk": 10, 
    "model": "realty.titledesc_images", 
    "fields": {
      "desc": "IM_DESC_2_1_HE", 
      "language_choice": 3, 
      "primary": 5, 
      "title": "IM_TITLE_2_1_HE"
    }
  }, 
  {
    "pk": 11, 
    "model": "realty.titledesc_images", 
    "fields": {
      "desc": "IM_DESC_2_1_FR -  In lectus est, viverra a, ultricies ut, pulvinar vitae, tellus. Donec et lectus et sem rutrum sodales. Morbi cursus. Aliquam a odio. Sed tortor velit, convallis eget, porta interdum, convallis sed, tortor. Phasellus ac libero a lorem auctor mattis. Lorem ipsum dolor sit amet, consectetuer adipiscing elit.", 
      "language_choice": 2, 
      "primary": 5, 
      "title": "IM_TITLE_2_1_FR"
    }
  }, 
  {
    "pk": 12, 
    "model": "realty.titledesc_images", 
    "fields": {
      "desc": "IM_DESC_2_2_EN   In lectus est, viverra a, ultricies ut, pulvinar vitae, tellus. Donec et lectus et sem rutrum sodales. Morbi cursus. Aliquam a odio. Sed tortor velit, convallis eget, porta interdum, convallis sed, tortor. Phasellus ac libero a lorem auctor mattis. Lorem ipsum dolor sit amet, consectetuer adipiscing elit.", 
      "language_choice": 1, 
      "primary": 6, 
      "title": "IM_TITLE_2_2_EN"
    }
  }, 
  {
    "pk": 13, 
    "model": "realty.titledesc_images", 
    "fields": {
      "desc": "IM_DESC_2_2_FR   In lectus est, viverra a, ultricies ut, pulvinar vitae, tellus. Donec et lectus et sem rutrum sodales. Morbi cursus. Aliquam a odio. Sed tortor velit, convallis eget, porta interdum, convallis sed, tortor. Phasellus ac libero a lorem auctor mattis. Lorem ipsum dolor sit amet, consectetuer adipiscing elit.", 
      "language_choice": 2, 
      "primary": 6, 
      "title": "IM_TITLE_2_2_FR"
    }
  }, 
  {
    "pk": 14, 
    "model": "realty.titledesc_images", 
    "fields": {
      "desc": "IM_DESC_2_2_HE   In lectus est, viverra a, ultricies ut, pulvinar vitae, tellus. Donec et lectus et sem rutrum sodales. Morbi cursus. Aliquam a odio. Sed tortor velit, convallis eget, porta interdum, convallis sed, tortor. Phasellus ac libero a lorem auctor mattis. Lorem ipsum dolor sit amet, consectetuer adipiscing elit.", 
      "language_choice": 3, 
      "primary": 6, 
      "title": "IM_TITLE_2_2_HE"
    }
  }, 
  {
    "pk": 15, 
    "model": "realty.titledesc_images", 
    "fields": {
      "desc": "IM_DESC_2_3_EN   In lectus est, viverra a, ultricies ut, pulvinar vitae, tellus. Donec et lectus et sem rutrum sodales. Morbi cursus. Aliquam a odio. Sed tortor velit, convallis eget, porta interdum, convallis sed, tortor. Phasellus ac libero a lorem auctor mattis. Lorem ipsum dolor sit amet, consectetuer adipiscing elit.", 
      "language_choice": 1, 
      "primary": 7, 
      "title": "IM_TITLE_2_3_EN"
    }
  }, 
  {
    "pk": 16, 
    "model": "realty.titledesc_images", 
    "fields": {
      "desc": "IM_DESC_2_3_FR   In lectus est, viverra a, ultricies ut, pulvinar vitae, tellus. Donec et lectus et sem rutrum sodales. Morbi cursus. Aliquam a odio. Sed tortor velit, convallis eget, porta interdum, convallis sed, tortor. Phasellus ac libero a lorem auctor mattis. Lorem ipsum dolor sit amet, consectetuer adipiscing elit.", 
      "language_choice": 2, 
      "primary": 7, 
      "title": "IM_TITLE_2_3_FR"
    }
  }, 
  {
    "pk": 17, 
    "model": "realty.titledesc_images", 
    "fields": {
      "desc": "IM_DESC_2_3_HE   In lectus est, viverra a, ultricies ut, pulvinar vitae, tellus. Donec et lectus et sem rutrum sodales. Morbi cursus. Aliquam a odio. Sed tortor velit, convallis eget, porta interdum, convallis sed, tortor. Phasellus ac libero a lorem auctor mattis. Lorem ipsum dolor sit amet, consectetuer adipiscing elit.", 
      "language_choice": 3, 
      "primary": 7, 
      "title": "IM_TITLE_2_3_HE"
    }
  }, 
  {
    "pk": 18, 
    "model": "realty.titledesc_images", 
    "fields": {
      "desc": "IM_DESC_2_4_EN   In lectus est, viverra a, ultricies ut, pulvinar vitae, tellus. Donec et lectus et sem rutrum sodales. Morbi cursus. Aliquam a odio. Sed tortor velit, convallis eget, porta interdum, convallis sed, tortor. Phasellus ac libero a lorem auctor mattis. Lorem ipsum dolor sit amet, consectetuer adipiscing elit.", 
      "language_choice": 1, 
      "primary": 8, 
      "title": "IM_TITLE_2_4_EN"
    }
  }, 
  {
    "pk": 19, 
    "model": "realty.titledesc_images", 
    "fields": {
      "desc": "IM_DESC_2_4_FR   In lectus est, viverra a, ultricies ut, pulvinar vitae, tellus. Donec et lectus et sem rutrum sodales. Morbi cursus. Aliquam a odio. Sed tortor velit, convallis eget, porta interdum, convallis sed, tortor. Phasellus ac libero a lorem auctor mattis. Lorem ipsum dolor sit amet, consectetuer adipiscing elit.", 
      "language_choice": 2, 
      "primary": 8, 
      "title": "IM_TITLE_2_4_FR"
    }
  }, 
  {
    "pk": 20, 
    "model": "realty.titledesc_images", 
    "fields": {
      "desc": "IM_DESC_2_4_HE   In lectus est, viverra a, ultricies ut, pulvinar vitae, tellus. Donec et lectus et sem rutrum sodales. Morbi cursus. Aliquam a odio. Sed tortor velit, convallis eget, porta interdum, convallis sed, tortor. Phasellus ac libero a lorem auctor mattis. Lorem ipsum dolor sit amet, consectetuer adipiscing elit.", 
      "language_choice": 3, 
      "primary": 8, 
      "title": "IM_TITLE_2_4_HE"
    }
  }, 
  {
    "pk": 21, 
    "model": "realty.titledesc_images", 
    "fields": {
      "desc": "IM_DESC_2_5_EN   In lectus est, viverra a, ultricies ut, pulvinar vitae, tellus. Donec et lectus et sem rutrum sodales. Morbi cursus. Aliquam a odio. Sed tortor velit, convallis eget, porta interdum, convallis sed, tortor. Phasellus ac libero a lorem auctor mattis. Lorem ipsum dolor sit amet, consectetuer adipiscing elit.", 
      "language_choice": 1, 
      "primary": 9, 
      "title": "IM_TITLE_2_5_EN"
    }
  }, 
  {
    "pk": 22, 
    "model": "realty.titledesc_images", 
    "fields": {
      "desc": "IM_DESC_2_5_FR   In lectus est, viverra a, ultricies ut, pulvinar vitae, tellus. Donec et lectus et sem rutrum sodales. Morbi cursus. Aliquam a odio. Sed tortor velit, convallis eget, porta interdum, convallis sed, tortor. Phasellus ac libero a lorem auctor mattis. Lorem ipsum dolor sit amet, consectetuer adipiscing elit.", 
      "language_choice": 2, 
      "primary": 9, 
      "title": "IM_TITLE_2_5_FR"
    }
  }, 
  {
    "pk": 23, 
    "model": "realty.titledesc_images", 
    "fields": {
      "desc": "IM_DESC_2_5_HE   In lectus est, viverra a, ultricies ut, pulvinar vitae, tellus. Donec et lectus et sem rutrum sodales. Morbi cursus. Aliquam a odio. Sed tortor velit, convallis eget, porta interdum, convallis sed, tortor. Phasellus ac libero a lorem auctor mattis. Lorem ipsum dolor sit amet, consectetuer adipiscing elit.", 
      "language_choice": 3, 
      "primary": 9, 
      "title": "IM_TITLE_2_5_HE"
    }
  }, 
  {
    "pk": 24, 
    "model": "realty.titledesc_images", 
    "fields": {
      "desc": "IM_DESC_2_6_EN   In lectus est, viverra a, ultricies ut, pulvinar vitae, tellus. Donec et lectus et sem rutrum sodales. Morbi cursus. Aliquam a odio. Sed tortor velit, convallis eget, porta interdum, convallis sed, tortor. Phasellus ac libero a lorem auctor mattis. Lorem ipsum dolor sit amet, consectetuer adipiscing elit.", 
      "language_choice": 1, 
      "primary": 10, 
      "title": "IM_TITLE_2_6_EN"
    }
  }, 
  {
    "pk": 25, 
    "model": "realty.titledesc_images", 
    "fields": {
      "desc": "IM_DESC_2_6_FR   In lectus est, viverra a, ultricies ut, pulvinar vitae, tellus. Donec et lectus et sem rutrum sodales. Morbi cursus. Aliquam a odio. Sed tortor velit, convallis eget, porta interdum, convallis sed, tortor. Phasellus ac libero a lorem auctor mattis. Lorem ipsum dolor sit amet, consectetuer adipiscing elit.", 
      "language_choice": 2, 
      "primary": 10, 
      "title": "IM_TITLE_2_6_FR"
    }
  }, 
  {
    "pk": 26, 
    "model": "realty.titledesc_images", 
    "fields": {
      "desc": "IM_DESC_2_6_HE   In lectus est, viverra a, ultricies ut, pulvinar vitae, tellus. Donec et lectus et sem rutrum sodales. Morbi cursus. Aliquam a odio. Sed tortor velit, convallis eget, porta interdum, convallis sed, tortor. Phasellus ac libero a lorem auctor mattis. Lorem ipsum dolor sit amet, consectetuer adipiscing elit.", 
      "language_choice": 3, 
      "primary": 10, 
      "title": "IM_TITLE_2_6_HE"
    }
  }, 
  {
    "pk": 27, 
    "model": "realty.titledesc_images", 
    "fields": {
      "desc": "IM_DESC_2_7_HE   In lectus est, viverra a, ultricies ut, pulvinar vitae, tellus. Donec et lectus et sem rutrum sodales. Morbi cursus. Aliquam a odio. Sed tortor velit, convallis eget, porta interdum, convallis sed, tortor. Phasellus ac libero a lorem auctor mattis. Lorem ipsum dolor sit amet, consectetuer adipiscing elit.", 
      "language_choice": 1, 
      "primary": 11, 
      "title": "IM_TITLE_2_7_EN"
    }
  }, 
  {
    "pk": 28, 
    "model": "realty.titledesc_images", 
    "fields": {
      "desc": "IM_DESC_2_7_FR   In lectus est, viverra a, ultricies ut, pulvinar vitae, tellus. Donec et lectus et sem rutrum sodales. Morbi cursus. Aliquam a odio. Sed tortor velit, convallis eget, porta interdum, convallis sed, tortor. Phasellus ac libero a lorem auctor mattis. Lorem ipsum dolor sit amet, consectetuer adipiscing elit.", 
      "language_choice": 2, 
      "primary": 11, 
      "title": "IM_TITLE_2_7_FR"
    }
  }, 
  {
    "pk": 29, 
    "model": "realty.titledesc_images", 
    "fields": {
      "desc": "IM_DESC_2_7_HE   In lectus est, viverra a, ultricies ut, pulvinar vitae, tellus. Donec et lectus et sem rutrum sodales. Morbi cursus. Aliquam a odio. Sed tortor velit, convallis eget, porta interdum, convallis sed, tortor. Phasellus ac libero a lorem auctor mattis. Lorem ipsum dolor sit amet, consectetuer adipiscing elit.", 
      "language_choice": 3, 
      "primary": 11, 
      "title": "IM_TITLE_2_7_HE"
    }
  }, 
  {
    "pk": 30, 
    "model": "realty.titledesc_images", 
    "fields": {
      "desc": "IM_DESC_2_8_EN   In lectus est, viverra a, ultricies ut, pulvinar vitae, tellus. Donec et lectus et sem rutrum sodales. Morbi cursus. Aliquam a odio. Sed tortor velit, convallis eget, porta interdum, convallis sed, tortor. Phasellus ac libero a lorem auctor mattis. Lorem ipsum dolor sit amet, consectetuer adipiscing elit.", 
      "language_choice": 1, 
      "primary": 12, 
      "title": "IM_TITLE_2_8_EN"
    }
  }, 
  {
    "pk": 31, 
    "model": "realty.titledesc_images", 
    "fields": {
      "desc": "IM_DESC_2_8_FR   In lectus est, viverra a, ultricies ut, pulvinar vitae, tellus. Donec et lectus et sem rutrum sodales. Morbi cursus. Aliquam a odio. Sed tortor velit, convallis eget, porta interdum, convallis sed, tortor. Phasellus ac libero a lorem auctor mattis. Lorem ipsum dolor sit amet, consectetuer adipiscing elit.", 
      "language_choice": 2, 
      "primary": 12, 
      "title": "IM_TITLE_2_8_FR"
    }
  }, 
  {
    "pk": 32, 
    "model": "realty.titledesc_images", 
    "fields": {
      "desc": "IM_DESC_2_8_HE   In lectus est, viverra a, ultricies ut, pulvinar vitae, tellus. Donec et lectus et sem rutrum sodales. Morbi cursus. Aliquam a odio. Sed tortor velit, convallis eget, porta interdum, convallis sed, tortor. Phasellus ac libero a lorem auctor mattis. Lorem ipsum dolor sit amet, consectetuer adipiscing elit.", 
      "language_choice": 3, 
      "primary": 12, 
      "title": "IM_TITLE_2_8_HE"
    }
  }, 
  {
    "pk": 33, 
    "model": "realty.titledesc_images", 
    "fields": {
      "desc": "IM_DESC_2_9_EN   In lectus est, viverra a, ultricies ut, pulvinar vitae, tellus. Donec et lectus et sem rutrum sodales. Morbi cursus. Aliquam a odio. Sed tortor velit, convallis eget, porta interdum, convallis sed, tortor. Phasellus ac libero a lorem auctor mattis. Lorem ipsum dolor sit amet, consectetuer adipiscing elit.", 
      "language_choice": 1, 
      "primary": 13, 
      "title": "IM_TITLE_2_9_EN"
    }
  }, 
  {
    "pk": 34, 
    "model": "realty.titledesc_images", 
    "fields": {
      "desc": "IM_DESC_2_9_FR   In lectus est, viverra a, ultricies ut, pulvinar vitae, tellus. Donec et lectus et sem rutrum sodales. Morbi cursus. Aliquam a odio. Sed tortor velit, convallis eget, porta interdum, convallis sed, tortor. Phasellus ac libero a lorem auctor mattis. Lorem ipsum dolor sit amet, consectetuer adipiscing elit.", 
      "language_choice": 2, 
      "primary": 13, 
      "title": "IM_TITLE_2_9_FR"
    }
  }, 
  {
    "pk": 35, 
    "model": "realty.titledesc_images", 
    "fields": {
      "desc": "IM_DESC_2_9_HE   In lectus est, viverra a, ultricies ut, pulvinar vitae, tellus. Donec et lectus et sem rutrum sodales. Morbi cursus. Aliquam a odio. Sed tortor velit, convallis eget, porta interdum, convallis sed, tortor. Phasellus ac libero a lorem auctor mattis. Lorem ipsum dolor sit amet, consectetuer adipiscing elit.", 
      "language_choice": 3, 
      "primary": 13, 
      "title": "IM_TITLE_2_9_HE"
    }
  }, 
  {
    "pk": 36, 
    "model": "realty.titledesc_images", 
    "fields": {
      "desc": "IM_DESC_3_1_EN", 
      "language_choice": 1, 
      "primary": 14, 
      "title": "IM_TITLE_3_1_EN"
    }
  }, 
  {
    "pk": 37, 
    "model": "realty.titledesc_images", 
    "fields": {
      "desc": "IM_DESC_3_1_FR", 
      "language_choice": 2, 
      "primary": 14, 
      "title": "IM_TITLE_3_1_FR"
    }
  }, 
  {
    "pk": 38, 
    "model": "realty.titledesc_images", 
    "fields": {
      "desc": "IM_DESC_3_1_HE", 
      "language_choice": 3, 
      "primary": 14, 
      "title": "IM_TITLE_3_1_HE"
    }
  }, 
  {
    "pk": 39, 
    "model": "realty.titledesc_images", 
    "fields": {
      "desc": "IM_DESC_4_1_EN Nullam euismod metus ut orci.", 
      "language_choice": 1, 
      "primary": 15, 
      "title": "IM_TITLE_4_1_EN"
    }
  }, 
  {
    "pk": 40, 
    "model": "realty.titledesc_images", 
    "fields": {
      "desc": "IM_DESC_4_1_FR Nullam euismod metus ut orci.", 
      "language_choice": 2, 
      "primary": 15, 
      "title": "IM_TITLE_4_1_FR"
    }
  }, 
  {
    "pk": 41, 
    "model": "realty.titledesc_images", 
    "fields": {
      "desc": "IM_DESC_4_1_HE Nullam euismod metus ut orci.", 
      "language_choice": 3, 
      "primary": 15, 
      "title": "IM_TITLE_4_1_HE"
    }
  }, 
  {
    "pk": 42, 
    "model": "realty.titledesc_images", 
    "fields": {
      "desc": "IM_DESC_5_1_EN Proin at eros non eros adipiscing mollis. Donec semper turpis sed diam. Sed consequat ligula nec tortor.", 
      "language_choice": 1, 
      "primary": 16, 
      "title": "IM_TITLE_5_1_EN"
    }
  }, 
  {
    "pk": 43, 
    "model": "realty.titledesc_images", 
    "fields": {
      "desc": "IM_DESC_5_1_FR Proin at eros non eros adipiscing mollis. Donec semper turpis sed diam. Sed consequat ligula nec tortor.", 
      "language_choice": 2, 
      "primary": 16, 
      "title": "IM_TITLE_5_1_FR"
    }
  }, 
  {
    "pk": 44, 
    "model": "realty.titledesc_images", 
    "fields": {
      "desc": "IM_DESC_5_1_HE Proin at eros non eros adipiscing mollis. Donec semper turpis sed diam. Sed consequat ligula nec tortor.", 
      "language_choice": 3, 
      "primary": 16, 
      "title": "IM_TITLE_5_1_HE"
    }
  }, 
  {
    "pk": 1, 
    "model": "realty.images", 
    "fields": {
      "image_large": "img/rentals/large/garage.jpg", 
      "name": "IMAGE_1_1", 
      "slideshow": "img/slideshow/garage.jpg", 
      "in_display": 0, 
      "image_thumb": "img/rentals/thumb/garage.jpg", 
      "position": 1, 
      "property": 1
    }
  }, 
  {
    "pk": 2, 
    "model": "realty.images", 
    "fields": {
      "image_large": "img/rentals/large/dinnertable_.jpg", 
      "name": "IMAGE_1_2", 
      "slideshow": "img/slideshow/dinnertable_.jpg", 
      "in_display": 0, 
      "image_thumb": "img/rentals/thumb/dinnertable_.jpg", 
      "position": 2, 
      "property": 1
    }
  }, 
  {
    "pk": 3, 
    "model": "realty.images", 
    "fields": {
      "image_large": "img/rentals/large/doorway.jpg", 
      "name": "IMAGE_1_3", 
      "slideshow": "img/slideshow/doorway.jpg", 
      "in_display": 0, 
      "image_thumb": "img/rentals/thumb/doorway.jpg", 
      "position": 3, 
      "property": 1
    }
  }, 
  {
    "pk": 4, 
    "model": "realty.images", 
    "fields": {
      "image_large": "img/rentals/large/gardenview.jpg", 
      "name": "IMAGE_1_4", 
      "slideshow": "img/slideshow/gardenview.jpg", 
      "in_display": 0, 
      "image_thumb": "img/rentals/thumb/gardenview.jpg", 
      "position": 4, 
      "property": 1
    }
  }, 
  {
    "pk": 5, 
    "model": "realty.images", 
    "fields": {
      "image_large": "img/rentals/large/tent_.jpg", 
      "name": "IMAGE_2_1", 
      "slideshow": "img/slideshow/tent.jpg", 
      "in_display": 0, 
      "image_thumb": "img/rentals/thumb/tent.jpg", 
      "position": 1, 
      "property": 2
    }
  }, 
  {
    "pk": 6, 
    "model": "realty.images", 
    "fields": {
      "image_large": "img/rentals/large/kitchen_.jpg", 
      "name": "IMAGE_2_2", 
      "slideshow": "img/slideshow/kitchen.jpg", 
      "in_display": 0, 
      "image_thumb": "img/rentals/thumb/kitchen.jpg", 
      "position": 2, 
      "property": 2
    }
  }, 
  {
    "pk": 7, 
    "model": "realty.images", 
    "fields": {
      "image_large": "img/rentals/large/lounge_.jpg", 
      "name": "IMAGE_2_3", 
      "slideshow": "img/slideshow/lounge.jpg", 
      "in_display": 0, 
      "image_thumb": "img/rentals/thumb/lounge.jpg", 
      "position": 3, 
      "property": 2
    }
  }, 
  {
    "pk": 8, 
    "model": "realty.images", 
    "fields": {
      "image_large": "img/rentals/large/outdoor_table_.jpg", 
      "name": "IMAGE_2_4", 
      "slideshow": "img/slideshow/outdoor_table.jpg", 
      "in_display": 0, 
      "image_thumb": "img/rentals/thumb/outdoor_table.jpg", 
      "position": 4, 
      "property": 2
    }
  }, 
  {
    "pk": 9, 
    "model": "realty.images", 
    "fields": {
      "image_large": "img/rentals/large/workshop_.jpg", 
      "name": "IMAGE_2_5", 
      "slideshow": "img/slideshow/workshop.jpg", 
      "in_display": 0, 
      "image_thumb": "img/rentals/thumb/workshop.jpg", 
      "position": 5, 
      "property": 2
    }
  }, 
  {
    "pk": 10, 
    "model": "realty.images", 
    "fields": {
      "image_large": "img/rentals/large/abu-tor-01_.jpg", 
      "name": "IMAGE_2_6", 
      "slideshow": "img/slideshow/abu-tor-01.jpg", 
      "in_display": 0, 
      "image_thumb": "img/rentals/thumb/abu-tor-01.jpg", 
      "position": 6, 
      "property": 2
    }
  }, 
  {
    "pk": 11, 
    "model": "realty.images", 
    "fields": {
      "image_large": "img/rentals/large/abu-tor-02_.jpg", 
      "name": "IMAGE_2_7", 
      "slideshow": "img/slideshow/abu-tor-02.jpg", 
      "in_display": 0, 
      "image_thumb": "img/rentals/thumb/abu-tor-02.jpg", 
      "position": 7, 
      "property": 2
    }
  }, 
  {
    "pk": 12, 
    "model": "realty.images", 
    "fields": {
      "image_large": "img/rentals/large/abu-tor-03_.jpg", 
      "name": "IMAGE_2_8", 
      "slideshow": "img/slideshow/abu-tor-03.jpg", 
      "in_display": 0, 
      "image_thumb": "img/rentals/thumb/abu-tor-03.jpg", 
      "position": 8, 
      "property": 2
    }
  }, 
  {
    "pk": 13, 
    "model": "realty.images", 
    "fields": {
      "image_large": "img/rentals/large/abu-tor-04_.jpg", 
      "name": "IMAGE_2_9", 
      "slideshow": "img/slideshow/abu-tor-04.jpg", 
      "in_display": 0, 
      "image_thumb": "img/rentals/thumb/abu-tor-04.jpg", 
      "position": 9, 
      "property": 2
    }
  }, 
  {
    "pk": 14, 
    "model": "realty.images", 
    "fields": {
      "image_large": "img/rentals/large/abu-tor-06_.jpg", 
      "name": "IMAGE_3_1", 
      "slideshow": "img/slideshow/abu-tor-06.jpg", 
      "in_display": 0, 
      "image_thumb": "img/rentals/thumb/abu-tor-06.jpg", 
      "position": 1, 
      "property": 3
    }
  }, 
  {
    "pk": 15, 
    "model": "realty.images", 
    "fields": {
      "image_large": "img/rentals/large/abu-tor-10_.jpg", 
      "name": "IMAGE_4_1", 
      "slideshow": "img/slideshow/abu-tor-10.jpg", 
      "in_display": 0, 
      "image_thumb": "img/rentals/thumb/abu-tor-10.jpg", 
      "position": 1, 
      "property": 4
    }
  }, 
  {
    "pk": 16, 
    "model": "realty.images", 
    "fields": {
      "image_large": "img/rentals/large/kitchen2_.jpg", 
      "name": "IMAGE_5_1", 
      "slideshow": "img/slideshow/kitchen2.jpg", 
      "in_display": 0, 
      "image_thumb": "img/rentals/thumb/kitchen2.jpg", 
      "position": 1, 
      "property": 5
    }
  }
]
